peptide_id,sequence,length,tool,scaffold_type,backbone_design,mpnn_seq_num,mpnn_score,af2_plddt,af2_i_ptm,af2_i_pae,af2_rmsd
rfpep_d0_n0,PEGKEYEPIYGKLG,14,RFpeptides,macrocyclic,0,0,1.0707053577063996,0.4807466268539428,0.0572476759552955,26.466925978660583,13.773146629333496
rfpep_d0_n1,PEGKEYEPIYGKLG,14,RFpeptides,macrocyclic,0,1,1.052366228288592,0.4807466268539428,0.0572476759552955,26.466925978660583,13.773146629333496
rfpep_d0_n2,PYGSEYEPIYGELG,14,RFpeptides,macrocyclic,0,2,1.09724556576317,0.4895673990249634,0.0624835714697837,26.353816330432892,12.993773460388184
rfpep_d0_n3,PEGSEYEPIYGELG,14,RFpeptides,macrocyclic,0,3,1.1465501989962408,0.5456514954566956,0.0637598484754562,26.548187911510468,12.826822280883787
rfpep_d0_n4,PEGKEFEPIYGKLG,14,RFpeptides,macrocyclic,0,4,1.0668368182906698,0.5003263354301453,0.0550523847341537,26.80164110660553,19.643442153930664
rfpep_d0_n5,PEGKEYEPIYGELG,14,RFpeptides,macrocyclic,0,5,1.0704194991521043,0.541049599647522,0.0640241354703903,26.483540892601013,11.714191436767578
rfpep_d0_n6,PYGKEYEPVYGELG,14,RFpeptides,macrocyclic,0,6,1.074313371606214,0.5079947113990784,0.0576584488153457,26.644514501094815,13.444215774536133
rfpep_d0_n7,PEGKEYEPIYGELG,14,RFpeptides,macrocyclic,0,7,1.0598755726736886,0.541049599647522,0.0640241354703903,26.483540892601013,11.714191436767578
