Binder,Pseudo Perplexity
GKCRLRTLETTPLLRLRAAQ,21.15596927259646
GCVKKRTLDSDTPLCRAILK,16.35602814124347
RCEEVKCLEDTPPCRAAALK,23.896384103040532
GVCELLCLDDTPGLRLRIKS,19.376834940267425
GCVEVLCLDSTPGCLLLIAQ,20.78371043849886
GCCEVRTLLTTLLCCARLLK,16.50368964349793
GCVKLLTLLSTTLACRLAKK,21.398905116087835
KCVEVKRADSLPLLCRLLLK,13.072648041333606
GCVKVLTLLTDTLCLRRALQ,22.499971351438646
KVVEVRCLEDTTLLLRLLAS,13.837592021997072
RCVKLRRLLSTLLCCALIAK,17.59400171442566
RCEEVRCLEDDLLCCARLKS,11.671905281836159
GCVKVLRLDDLPLALLRLLK,14.010749839618057
RCERVRRLDDLLLCRAAIAK,10.99161008888191
GCCKVRRLESLLLCCRRAAQ,17.086239260696395
RCVKVRTLESDLPACLLAKK,15.296693925222462
RKCRLLCAETTLLCLAAIAK,15.462494116330273
GCCELRTLLDDPPARLLLLS,20.773264915218938
GCVEVLCRDDTPLALAALAS,10.22240298306129
GCEKVLRADDTLGLLRLLKQ,17.97913550071276
KCEELRTREDTTLCCRAAKK,12.330318692780642
KCVRLRRAESTTLCRLAILQ,18.123219948455215
GCVKKRRAEDTPLCCLALKK,14.373023807643042
RVEEVRCADSLTPLLLLAKK,17.88738565195771
GCEKKRRADDDTGCRAALAK,22.61374281855374
KVEEKRCLDDTPGCLRAAAK,22.817230441390844
GCCKKRTADSTLGALRLIKQ,18.235362172238073
KVCELKRLESTPLARAAALK,11.036294278030061
GCCKLKRLDDLLLACARAAS,17.587648674275307
RCCEVKCLDDLLLCCLRIAQ,16.70667565970667
KCVRVKTLDTDPLCCRLIKQ,17.69766707102245
GCEKLLCLEDLTPCRLAILK,20.17721647413672
