Binder,Pseudo Perplexity
KVVGTVVALLSCCPL,24.18319422296192
GCEGVLQARLAALCK,15.18481703127204
GVVSTYVLALLACCL,27.8999587442704
KVVETVVARLACPCL,36.72688778917618
GVISVLVARSAACCL,38.61772310797781
KVVSTLVARSLLCCK,23.037054179148935
KVIEVVELLLLCCCL,50.2844397959187
GVEEEVELLSLCCCR,34.59093406492556
KCEEEVEARSLLPCL,16.24395705928739
GVVSVYVARLSLLCL,33.96523027146252
GVEEVVQLALSLCLR,48.93727421735027
GCVEVVQAASLCLCK,42.933750146004456
RVVSVVVRRLLLLLL,19.803941880194532
RVVSVVVARLSCPCK,45.3985302674556
KVVGVVQRRLACCCR,34.66773226534552
RVISEYQALLLCPPL,29.030283119079716
KCVEELQLRSALLLR,15.386945372778465
GVVSVVVARPSACCR,23.872915748968985
GVVGVYERRLLLCCL,19.29489635811428
GVEEEYVARLSCCCL,31.488619894041978
RTVGTVVLAPLCLLR,22.975024140639846
GTIEVVVRRLACLCR,43.62670710742459
KVVGVLQARSALLCR,28.24467945826157
GVVETVVALLAACCR,34.88533889507927
GVISTVVAALSAPCK,20.738346372391405
GTIEVVEAALAAPLK,13.134817385952735
RVVSTVERLSLAPCR,21.051752822948743
GVIETVQRLPSCLCL,26.493750171467006
GVISVLVRLPSCCCR,40.84426029145866
RVVETVEARLAACCL,20.185830019353574
RCISVVEALLLCCPL,23.86551553855648
RTEGVYVLASSACCR,24.691231913782882
